superpopulation	locus	allele	allele_count	resolved_allele_copies	excluded_ambiguous_copies	individuals	frequency
AFR	HLA-A	HLA-A*01:01	1	205	147	176	0.0048780488
AFR	HLA-A	HLA-A*01:02	4	205	147	176	0.0195121951
AFR	HLA-A	HLA-A*02:01	3	205	147	176	0.0146341463
AFR	HLA-A	HLA-A*02:02	17	205	147	176	0.0829268293
AFR	HLA-A	HLA-A*02:05	1	205	147	176	0.0048780488
AFR	HLA-A	HLA-A*02:14	1	205	147	176	0.0048780488
AFR	HLA-A	HLA-A*03:01	8	205	147	176	0.0390243902
AFR	HLA-A	HLA-A*03:02	1	205	147	176	0.0048780488
AFR	HLA-A	HLA-A*23:01	8	205	147	176	0.0390243902
AFR	HLA-A	HLA-A*24:24	1	205	147	176	0.0048780488
AFR	HLA-A	HLA-A*26:01	3	205	147	176	0.0146341463
AFR	HLA-A	HLA-A*26:08	2	205	147	176	0.0097560976
AFR	HLA-A	HLA-A*29:02	21	205	147	176	0.1024390244
AFR	HLA-A	HLA-A*30:01	8	205	147	176	0.0390243902
AFR	HLA-A	HLA-A*30:02	30	205	147	176	0.1463414634
AFR	HLA-A	HLA-A*31:04	4	205	147	176	0.0195121951
AFR	HLA-A	HLA-A*32:01	4	205	147	176	0.0195121951
AFR	HLA-A	HLA-A*33:01	2	205	147	176	0.0097560976
AFR	HLA-A	HLA-A*33:03	5	205	147	176	0.0243902439
AFR	HLA-A	HLA-A*34:02	12	205	147	176	0.0585365854
AFR	HLA-A	HLA-A*36:01	14	205	147	176	0.0682926829
AFR	HLA-A	HLA-A*66:02	9	205	147	176	0.0439024390
AFR	HLA-A	HLA-A*68:01	9	205	147	176	0.0439024390
AFR	HLA-A	HLA-A*68:02	27	205	147	176	0.1317073171
AFR	HLA-A	HLA-A*74:01	5	205	147	176	0.0243902439
AFR	HLA-A	HLA-A*74:03	2	205	147	176	0.0097560976
AFR	HLA-A	HLA-A*80:01	3	205	147	176	0.0146341463
AFR	HLA-B	HLA-B*07:02	8	218	134	176	0.0366972477
AFR	HLA-B	HLA-B*08:01	1	218	134	176	0.0045871560
AFR	HLA-B	HLA-B*13:02	9	218	134	176	0.0412844037
AFR	HLA-B	HLA-B*14:01	2	218	134	176	0.0091743119
AFR	HLA-B	HLA-B*14:02	2	218	134	176	0.0091743119
AFR	HLA-B	HLA-B*14:03	1	218	134	176	0.0045871560
AFR	HLA-B	HLA-B*15:03	5	218	134	176	0.0229357798
AFR	HLA-B	HLA-B*15:10	16	218	134	176	0.0733944954
AFR	HLA-B	HLA-B*15:16	1	218	134	176	0.0045871560
AFR	HLA-B	HLA-B*15:17	4	218	134	176	0.0183486239
AFR	HLA-B	HLA-B*15:37	1	218	134	176	0.0045871560
AFR	HLA-B	HLA-B*18:01	3	218	134	176	0.0137614679
AFR	HLA-B	HLA-B*18:03	1	218	134	176	0.0045871560
AFR	HLA-B	HLA-B*27:03	1	218	134	176	0.0045871560
AFR	HLA-B	HLA-B*35:01	5	218	134	176	0.0229357798
AFR	HLA-B	HLA-B*39:03	1	218	134	176	0.0045871560
AFR	HLA-B	HLA-B*39:06	1	218	134	176	0.0045871560
AFR	HLA-B	HLA-B*39:10	4	218	134	176	0.0183486239
AFR	HLA-B	HLA-B*40:12	2	218	134	176	0.0091743119
AFR	HLA-B	HLA-B*41:01	3	218	134	176	0.0137614679
AFR	HLA-B	HLA-B*41:02	1	218	134	176	0.0045871560
AFR	HLA-B	HLA-B*42:01	23	218	134	176	0.1055045872
AFR	HLA-B	HLA-B*42:02	1	218	134	176	0.0045871560
AFR	HLA-B	HLA-B*44:03	13	218	134	176	0.0596330275
AFR	HLA-B	HLA-B*44:05	1	218	134	176	0.0045871560
AFR	HLA-B	HLA-B*45:01	2	218	134	176	0.0091743119
AFR	HLA-B	HLA-B*48:05	1	218	134	176	0.0045871560
AFR	HLA-B	HLA-B*49:01	7	218	134	176	0.0321100917
AFR	HLA-B	HLA-B*50:01	2	218	134	176	0.0091743119
AFR	HLA-B	HLA-B*51:01	3	218	134	176	0.0137614679
AFR	HLA-B	HLA-B*52:01	5	218	134	176	0.0229357798
AFR	HLA-B	HLA-B*53:01	46	218	134	176	0.2110091743
AFR	HLA-B	HLA-B*55:01	1	218	134	176	0.0045871560
AFR	HLA-B	HLA-B*56:01	1	218	134	176	0.0045871560
AFR	HLA-B	HLA-B*57:01	1	218	134	176	0.0045871560
AFR	HLA-B	HLA-B*57:02	1	218	134	176	0.0045871560
AFR	HLA-B	HLA-B*57:03	8	218	134	176	0.0366972477
AFR	HLA-B	HLA-B*58:01	4	218	134	176	0.0183486239
AFR	HLA-B	HLA-B*58:02	20	218	134	176	0.0917431193
AFR	HLA-B	HLA-B*73:01	2	218	134	176	0.0091743119
AFR	HLA-B	HLA-B*78:01	2	218	134	176	0.0091743119
AFR	HLA-B	HLA-B*82:02	2	218	134	176	0.0091743119
AMR	HLA-A	HLA-A*02:02	5	72	268	170	0.0694444444
AMR	HLA-A	HLA-A*02:04	1	72	268	170	0.0138888889
AMR	HLA-A	HLA-A*02:20	1	72	268	170	0.0138888889
AMR	HLA-A	HLA-A*24:03	1	72	268	170	0.0138888889
AMR	HLA-A	HLA-A*29:01	2	72	268	170	0.0277777778
AMR	HLA-A	HLA-A*29:02	17	72	268	170	0.2361111111
AMR	HLA-A	HLA-A*30:02	15	72	268	170	0.2083333333
AMR	HLA-A	HLA-A*30:04	1	72	268	170	0.0138888889
AMR	HLA-A	HLA-A*30:10	1	72	268	170	0.0138888889
AMR	HLA-A	HLA-A*32:01	7	72	268	170	0.0972222222
AMR	HLA-A	HLA-A*33:01	6	72	268	170	0.0833333333
AMR	HLA-A	HLA-A*34:02	2	72	268	170	0.0277777778
AMR	HLA-A	HLA-A*68:01	3	72	268	170	0.0416666667
AMR	HLA-A	HLA-A*68:02	8	72	268	170	0.1111111111
AMR	HLA-A	HLA-A*68:03	1	72	268	170	0.0138888889
AMR	HLA-A	HLA-A*80:01	1	72	268	170	0.0138888889
AMR	HLA-B	HLA-B*13:02	1	165	175	170	0.0060606061
AMR	HLA-B	HLA-B*14:01	3	165	175	170	0.0181818182
AMR	HLA-B	HLA-B*14:02	20	165	175	170	0.1212121212
AMR	HLA-B	HLA-B*15:10	1	165	175	170	0.0060606061
AMR	HLA-B	HLA-B*15:15	3	165	175	170	0.0181818182
AMR	HLA-B	HLA-B*15:16	5	165	175	170	0.0303030303
AMR	HLA-B	HLA-B*15:17	1	165	175	170	0.0060606061
AMR	HLA-B	HLA-B*15:18	1	165	175	170	0.0060606061
AMR	HLA-B	HLA-B*15:20	1	165	175	170	0.0060606061
AMR	HLA-B	HLA-B*18:05	1	165	175	170	0.0060606061
AMR	HLA-B	HLA-B*18:06	1	165	175	170	0.0060606061
AMR	HLA-B	HLA-B*35:02	4	165	175	170	0.0242424242
AMR	HLA-B	HLA-B*35:05	2	165	175	170	0.0121212121
AMR	HLA-B	HLA-B*35:08	6	165	175	170	0.0363636364
AMR	HLA-B	HLA-B*35:10	2	165	175	170	0.0121212121
AMR	HLA-B	HLA-B*35:11	2	165	175	170	0.0121212121
AMR	HLA-B	HLA-B*35:12	7	165	175	170	0.0424242424
AMR	HLA-B	HLA-B*35:14	2	165	175	170	0.0121212121
AMR	HLA-B	HLA-B*35:17	8	165	175	170	0.0484848485
AMR	HLA-B	HLA-B*38:01	4	165	175	170	0.0242424242
AMR	HLA-B	HLA-B*39:05	7	165	175	170	0.0424242424
AMR	HLA-B	HLA-B*39:06	7	165	175	170	0.0424242424
AMR	HLA-B	HLA-B*39:08	1	165	175	170	0.0060606061
AMR	HLA-B	HLA-B*39:11	4	165	175	170	0.0242424242
AMR	HLA-B	HLA-B*40:04	4	165	175	170	0.0242424242
AMR	HLA-B	HLA-B*40:05	1	165	175	170	0.0060606061
AMR	HLA-B	HLA-B*40:20	1	165	175	170	0.0060606061
AMR	HLA-B	HLA-B*41:01	3	165	175	170	0.0181818182
AMR	HLA-B	HLA-B*41:02	1	165	175	170	0.0060606061
AMR	HLA-B	HLA-B*42:01	1	165	175	170	0.0060606061
AMR	HLA-B	HLA-B*42:02	2	165	175	170	0.0121212121
AMR	HLA-B	HLA-B*44:03	21	165	175	170	0.1272727273
AMR	HLA-B	HLA-B*44:05	1	165	175	170	0.0060606061
AMR	HLA-B	HLA-B*47:01	1	165	175	170	0.0060606061
AMR	HLA-B	HLA-B*48:02	1	165	175	170	0.0060606061
AMR	HLA-B	HLA-B*48:03	1	165	175	170	0.0060606061
AMR	HLA-B	HLA-B*49:01	5	165	175	170	0.0303030303
AMR	HLA-B	HLA-B*50:01	3	165	175	170	0.0181818182
AMR	HLA-B	HLA-B*51:02	2	165	175	170	0.0121212121
AMR	HLA-B	HLA-B*51:23	1	165	175	170	0.0060606061
AMR	HLA-B	HLA-B*52:01	4	165	175	170	0.0242424242
AMR	HLA-B	HLA-B*53:01	5	165	175	170	0.0303030303
AMR	HLA-B	HLA-B*57:01	7	165	175	170	0.0424242424
AMR	HLA-B	HLA-B*57:03	2	165	175	170	0.0121212121
AMR	HLA-B	HLA-B*58:02	2	165	175	170	0.0121212121
AMR	HLA-B	HLA-B*78:01	1	165	175	170	0.0060606061
AMR	HLA-B	HLA-B*82:01	1	165	175	170	0.0060606061
EAS	HLA-A	HLA-A*01:01	1	181	339	260	0.0055248619
EAS	HLA-A	HLA-A*02:01	24	181	339	260	0.1325966851
EAS	HLA-A	HLA-A*02:03	17	181	339	260	0.0939226519
EAS	HLA-A	HLA-A*02:06	12	181	339	260	0.0662983425
EAS	HLA-A	HLA-A*02:10	2	181	339	260	0.0110497238
EAS	HLA-A	HLA-A*03:01	3	181	339	260	0.0165745856
EAS	HLA-A	HLA-A*03:02	2	181	339	260	0.0110497238
EAS	HLA-A	HLA-A*11:01	22	181	339	260	0.1215469613
EAS	HLA-A	HLA-A*11:02	10	181	339	260	0.0552486188
EAS	HLA-A	HLA-A*24:02	35	181	339	260	0.1933701657
EAS	HLA-A	HLA-A*24:04	2	181	339	260	0.0110497238
EAS	HLA-A	HLA-A*24:08	1	181	339	260	0.0055248619
EAS	HLA-A	HLA-A*24:20	1	181	339	260	0.0055248619
EAS	HLA-A	HLA-A*26:01	6	181	339	260	0.0331491713
EAS	HLA-A	HLA-A*26:02	1	181	339	260	0.0055248619
EAS	HLA-A	HLA-A*26:03	5	181	339	260	0.0276243094
EAS	HLA-A	HLA-A*30:01	6	181	339	260	0.0331491713
EAS	HLA-A	HLA-A*31:01	11	181	339	260	0.0607734807
EAS	HLA-A	HLA-A*32:01	2	181	339	260	0.0110497238
EAS	HLA-A	HLA-A*33:03	16	181	339	260	0.0883977901
EAS	HLA-A	HLA-A*68:01	2	181	339	260	0.0110497238
EAS	HLA-B	HLA-B*07:02	4	254	266	260	0.0157480315
EAS	HLA-B	HLA-B*07:05	1	254	266	260	0.0039370079
EAS	HLA-B	HLA-B*08:01	2	254	266	260	0.0078740157
EAS	HLA-B	HLA-B*13:01	23	254	266	260	0.0905511811
EAS	HLA-B	HLA-B*13:02	13	254	266	260	0.0511811024
EAS	HLA-B	HLA-B*15:01	9	254	266	260	0.0354330709
EAS	HLA-B	HLA-B*15:02	12	254	266	260	0.0472440945
EAS	HLA-B	HLA-B*15:07	5	254	266	260	0.0196850394
EAS	HLA-B	HLA-B*15:11	3	254	266	260	0.0118110236
EAS	HLA-B	HLA-B*15:18	9	254	266	260	0.0354330709
EAS	HLA-B	HLA-B*15:25	1	254	266	260	0.0039370079
EAS	HLA-B	HLA-B*15:27	3	254	266	260	0.0118110236
EAS	HLA-B	HLA-B*27:04	4	254	266	260	0.0157480315
EAS	HLA-B	HLA-B*27:07	1	254	266	260	0.0039370079
EAS	HLA-B	HLA-B*35:01	7	254	266	260	0.0275590551
EAS	HLA-B	HLA-B*35:03	2	254	266	260	0.0078740157
EAS	HLA-B	HLA-B*37:01	5	254	266	260	0.0196850394
EAS	HLA-B	HLA-B*38:01	2	254	266	260	0.0078740157
EAS	HLA-B	HLA-B*38:02	3	254	266	260	0.0118110236
EAS	HLA-B	HLA-B*39:01	4	254	266	260	0.0157480315
EAS	HLA-B	HLA-B*39:02	1	254	266	260	0.0039370079
EAS	HLA-B	HLA-B*40:01	13	254	266	260	0.0511811024
EAS	HLA-B	HLA-B*40:02	10	254	266	260	0.0393700787
EAS	HLA-B	HLA-B*40:06	14	254	266	260	0.0551181102
EAS	HLA-B	HLA-B*44:02	1	254	266	260	0.0039370079
EAS	HLA-B	HLA-B*44:03	18	254	266	260	0.0708661417
EAS	HLA-B	HLA-B*46:01	14	254	266	260	0.0551181102
EAS	HLA-B	HLA-B*48:01	4	254	266	260	0.0157480315
EAS	HLA-B	HLA-B*48:03	1	254	266	260	0.0039370079
EAS	HLA-B	HLA-B*50:01	1	254	266	260	0.0039370079
EAS	HLA-B	HLA-B*51:01	14	254	266	260	0.0551181102
EAS	HLA-B	HLA-B*51:02	3	254	266	260	0.0118110236
EAS	HLA-B	HLA-B*51:08	1	254	266	260	0.0039370079
EAS	HLA-B	HLA-B*52:01	9	254	266	260	0.0354330709
EAS	HLA-B	HLA-B*54:01	9	254	266	260	0.0354330709
EAS	HLA-B	HLA-B*55:02	9	254	266	260	0.0354330709
EAS	HLA-B	HLA-B*56:01	1	254	266	260	0.0039370079
EAS	HLA-B	HLA-B*57:01	3	254	266	260	0.0118110236
EAS	HLA-B	HLA-B*58:01	4	254	266	260	0.0157480315
EAS	HLA-B	HLA-B*59:01	4	254	266	260	0.0157480315
EAS	HLA-B	HLA-B*67:01	7	254	266	260	0.0275590551
EUR	HLA-A	HLA-A*01:02	1	66	478	272	0.0151515152
EUR	HLA-A	HLA-A*02:17	1	66	478	272	0.0151515152
EUR	HLA-A	HLA-A*02:24	1	66	478	272	0.0151515152
EUR	HLA-A	HLA-A*03:02	2	66	478	272	0.0303030303
EUR	HLA-A	HLA-A*26:08	1	66	478	272	0.0151515152
EUR	HLA-A	HLA-A*29:01	2	66	478	272	0.0303030303
EUR	HLA-A	HLA-A*29:02	15	66	478	272	0.2272727273
EUR	HLA-A	HLA-A*30:02	5	66	478	272	0.0757575758
EUR	HLA-A	HLA-A*30:04	2	66	478	272	0.0303030303
EUR	HLA-A	HLA-A*32:01	25	66	478	272	0.3787878788
EUR	HLA-A	HLA-A*33:01	3	66	478	272	0.0454545455
EUR	HLA-A	HLA-A*68:01	7	66	478	272	0.1060606061
EUR	HLA-A	HLA-A*69:01	1	66	478	272	0.0151515152
EUR	HLA-B	HLA-B*13:02	18	159	385	272	0.1132075472
EUR	HLA-B	HLA-B*14:01	4	159	385	272	0.0251572327
EUR	HLA-B	HLA-B*14:02	10	159	385	272	0.0628930818
EUR	HLA-B	HLA-B*15:09	1	159	385	272	0.0062893082
EUR	HLA-B	HLA-B*15:17	3	159	385	272	0.0188679245
EUR	HLA-B	HLA-B*15:18	2	159	385	272	0.0125786164
EUR	HLA-B	HLA-B*27:05	1	159	385	272	0.0062893082
EUR	HLA-B	HLA-B*35:02	7	159	385	272	0.0440251572
EUR	HLA-B	HLA-B*35:08	2	159	385	272	0.0125786164
EUR	HLA-B	HLA-B*37:01	6	159	385	272	0.0377358491
EUR	HLA-B	HLA-B*38:01	10	159	385	272	0.0628930818
EUR	HLA-B	HLA-B*39:06	6	159	385	272	0.0377358491
EUR	HLA-B	HLA-B*41:01	5	159	385	272	0.0314465409
EUR	HLA-B	HLA-B*41:02	3	159	385	272	0.0188679245
EUR	HLA-B	HLA-B*44:03	24	159	385	272	0.1509433962
EUR	HLA-B	HLA-B*47:01	3	159	385	272	0.0188679245
EUR	HLA-B	HLA-B*49:01	6	159	385	272	0.0377358491
EUR	HLA-B	HLA-B*50:01	3	159	385	272	0.0188679245
EUR	HLA-B	HLA-B*53:01	3	159	385	272	0.0188679245
EUR	HLA-B	HLA-B*55:01	13	159	385	272	0.0817610063
EUR	HLA-B	HLA-B*57:01	27	159	385	272	0.1698113208
EUR	HLA-B	HLA-B*57:02	1	159	385	272	0.0062893082
EUR	HLA-B	HLA-B*67:01	1	159	385	272	0.0062893082
